{
  "metadata": {
    "name": "X Truyện",
    "author": "purple_sunset",
    "version": 10,
    "source": "https://xtruyen.vn",
    "regexp": "(www.)?xtruyen.vn/[^/]+/?$",
    "description": "Đọc truyện trên trang X Truyện",
    "locale": "vi_VN",
    "language": "javascript",
    "type": "novel"
  },
  "script": {
    "home": "home.js",
    "genre": "genre.js",
    "detail": "detail.js",
    "search": "search.js",
    "page": "page.js",
    "toc": "toc.js",
    "chap": "chap.js"
  }
}